index,row,propertyTableColumn,DatabaseTableName,lookupCode,formatHashColumn
1,Area - Clark,MlsArea,mls_area,mlsarea0,"{table: :Mls_Area, code: 'mlsarea', label: 'Clark'}"
2,Area - Cody in Town,MlsArea,mls_area,mlsarea1,"{table: :Mls_Area, code: 'mlsarea', label: 'Cody in Town'}"
3,Area - Cody Out of Town,MlsArea,mls_area,mlsarea2,"{table: :Mls_Area, code: 'mlsarea', label: 'Cody Out of Town'}"
4,Area - Meeteetse,MlsArea,mls_area,mlsarea3,"{table: :Mls_Area, code: 'mlsarea', label: 'Meeteetse'}"
5,Area - Montana,MlsArea,mls_area,mlsarea4,"{table: :Mls_Area, code: 'mlsarea', label: 'Montana'}"
6,Area - N Big Horn in Town,MlsArea,mls_area,mlsarea5,"{table: :Mls_Area, code: 'mlsarea', label: 'N Big Horn in Town'}"
7,Area - N Big Horn Out of Town,MlsArea,mls_area,mlsarea6,"{table: :Mls_Area, code: 'mlsarea', label: 'N Big Horn Out of Town'}"
8,Area - Out of Area,MlsArea,mls_area,mlsarea7,"{table: :Mls_Area, code: 'mlsarea', label: 'Out of Area'}"
9,Area - Powell in Town,MlsArea,mls_area,mlsarea8,"{table: :Mls_Area, code: 'mlsarea', label: 'Powell in Town'}"
10,Area - Powell Out of Town,MlsArea,mls_area,mlsarea9,"{table: :Mls_Area, code: 'mlsarea', label: 'Powell Out of Town'}"
11,Area - S Big Horn in Town,MlsArea,mls_area,mlsarea10,"{table: :Mls_Area, code: 'mlsarea', label: 'S Big Horn in Town'}"
12,Area - S Big Horn Out of Town,MlsArea,mls_area,mlsarea11,"{table: :Mls_Area, code: 'mlsarea', label: 'S Big Horn Out of Town'}"
13,Area - Sunlight/Crandall,MlsArea,mls_area,mlsarea12,"{table: :Mls_Area, code: 'mlsarea', label: 'Sunlight/Crandall'}"
15,Property Status - Active,PropertyStatus,property_status,propertystatus14,"{table: :Property_Status, code: 'propertystatus', label: 'Active'}"
16,Property Status - Active with Contingency,PropertyStatus,property_status,propertystatus15,"{table: :Property_Status, code: 'propertystatus', label: 'Active with Contingency'}"
17,Property Status - Pending,PropertyStatus,property_status,propertystatus16,"{table: :Property_Status, code: 'propertystatus', label: 'Pending'}"
18,Property Status - Closed,PropertyStatus,property_status,propertystatus17,"{table: :Property_Status, code: 'propertystatus', label: 'Closed'}"
19,Property Status - Withdrawn,PropertyStatus,property_status,propertystatus18,"{table: :Property_Status, code: 'propertystatus', label: 'Withdrawn'}"
20,Property Status - Expired,PropertyStatus,property_status,propertystatus19,"{table: :Property_Status, code: 'propertystatus', label: 'Expired'}"
21,Property Status - Temporarily Off Market,PropertyStatus,property_status,propertystatus20,"{table: :Property_Status, code: 'propertystatus', label: 'Temporarily Off Market'}"
22,Property Status - Rented,PropertyStatus,property_status,propertystatus21,"{table: :Property_Status, code: 'propertystatus', label: 'Rented'}"
24,Property Type - Residential,PropertySubType,property_sub_type,propertysubtype23,"{table: :Property_Sub_Type, code: 'propertysubtype', label: 'Residential'}"
25,Property Type - Residential Non MLS,PropertySubType,property_sub_type,propertysubtype24,"{table: :Property_Sub_Type, code: 'propertysubtype', label: 'Residential Non MLS'}"
26,Property Type - Farm/Ranch (min 35 acres),PropertySubType,property_sub_type,propertysubtype25,"{table: :Property_Sub_Type, code: 'propertysubtype', label: 'Farm/Ranch (min 35 acres)'}"
27,Property Type - Farm/Ranch-Land Only,PropertySubType,property_sub_type,propertysubtype26,"{table: :Property_Sub_Type, code: 'propertysubtype', label: 'Farm/Ranch-Land Only'}"
28,Property Type - Farm/Ranch Non MLS,PropertySubType,property_sub_type,propertysubtype27,"{table: :Property_Sub_Type, code: 'propertysubtype', label: 'Farm/Ranch Non MLS'}"
29,Property Type - Multi-Family,PropertySubType,property_sub_type,propertysubtype28,"{table: :Property_Sub_Type, code: 'propertysubtype', label: 'Multi-Family'}"
30,Property Type - Multi-Family Non MLS,PropertySubType,property_sub_type,propertysubtype29,"{table: :Property_Sub_Type, code: 'propertysubtype', label: 'Multi-Family Non MLS'}"
31,Property Type - Lots/Land,PropertySubType,property_sub_type,propertysubtype30,"{table: :Property_Sub_Type, code: 'propertysubtype', label: 'Lots/Land'}"
32,Property Type - Lots/Land Non MLS,PropertySubType,property_sub_type,propertysubtype31,"{table: :Property_Sub_Type, code: 'propertysubtype', label: 'Lots/Land Non MLS'}"
33,Property Type - Building Only,PropertySubType,property_sub_type,propertysubtype32,"{table: :Property_Sub_Type, code: 'propertysubtype', label: 'Building Only'}"
34,Property Type - Business & Building,PropertySubType,property_sub_type,propertysubtype33,"{table: :Property_Sub_Type, code: 'propertysubtype', label: 'Business & Building'}"
35,Property Type - Commercial Non MLS,PropertySubType,property_sub_type,propertysubtype34,"{table: :Property_Sub_Type, code: 'propertysubtype', label: 'Commercial Non MLS'}"
36,Property Type - Business Only,PropertySubType,property_sub_type,propertysubtype35,"{table: :Property_Sub_Type, code: 'propertysubtype', label: 'Business Only'}"
37,Property Type - Residential Lease,PropertySubType,property_sub_type,propertysubtype36,"{table: :Property_Sub_Type, code: 'propertysubtype', label: 'Residential Lease'}"
39,House Design - 1 Story,Style,style,style38,"{table: :Style, code: 'style', label: '1 Story'}"
40,House Design - 1.5 Story,Style,style,style39,"{table: :Style, code: 'style', label: '1.5 Story'}"
41,House Design - 2 Story,Style,style,style40,"{table: :Style, code: 'style', label: '2 Story'}"
42,House Design - 2.5 Story,Style,style,style41,"{table: :Style, code: 'style', label: '2.5 Story'}"
43,House Design - Bi-Level,Style,style,style42,"{table: :Style, code: 'style', label: 'Bi-Level'}"
44,House Design - Condominium,Style,style,style43,"{table: :Style, code: 'style', label: 'Condominium'}"
45,House Design - Singlewide,Style,style,style44,"{table: :Style, code: 'style', label: 'Singlewide'}"
46,House Design - Doublewide,Style,style,style45,"{table: :Style, code: 'style', label: 'Doublewide'}"
47,House Design - Triplewide,Style,style,style46,"{table: :Style, code: 'style', label: 'Triplewide'}"
48,House Design - Modular,Style,style,style47,"{table: :Style, code: 'style', label: 'Modular'}"
49,House Design - Multi-Level,Style,style,style48,"{table: :Style, code: 'style', label: 'Multi-Level'}"
50,House Design - Tri/Split Level,Style,style,style49,"{table: :Style, code: 'style', label: 'Tri/Split Level'}"
51,House Design - Townhouse,Style,style,style50,"{table: :Style, code: 'style', label: 'Townhouse'}"
52,House Design - Shop House,Style,style,style51,"{table: :Style, code: 'style', label: 'Shop House'}"
54,Construction - Block,ConstructionType,construction_type,constructiontype53,"{table: :Construction_Type, code: 'constructiontype', label: 'Block'}"
55,Construction - Concrete,ConstructionType,construction_type,constructiontype54,"{table: :Construction_Type, code: 'constructiontype', label: 'Concrete'}"
56,Construction - Frame,ConstructionType,construction_type,constructiontype55,"{table: :Construction_Type, code: 'constructiontype', label: 'Frame'}"
57,Construction - ICFs (Insulated Concrete Forms),ConstructionType,construction_type,constructiontype56,"{table: :Construction_Type, code: 'constructiontype', label: 'ICFs (Insulated Concrete Forms)'}"
58,Construction - Log,ConstructionType,construction_type,constructiontype57,"{table: :Construction_Type, code: 'constructiontype', label: 'Log'}"
59,Construction - Manufactured (Post-1976),ConstructionType,construction_type,constructiontype58,"{table: :Construction_Type, code: 'constructiontype', label: 'Manufactured (Post-1976)'}"
60,Construction - Mobile (Pre-1976),ConstructionType,construction_type,constructiontype59,"{table: :Construction_Type, code: 'constructiontype', label: 'Mobile (Pre-1976)'}"
61,Construction - Modular,ConstructionType,construction_type,constructiontype60,"{table: :Construction_Type, code: 'constructiontype', label: 'Modular'}"
62,Construction - Straw,ConstructionType,construction_type,constructiontype61,"{table: :Construction_Type, code: 'constructiontype', label: 'Straw'}"
63,Construction - Timber Frame,ConstructionType,construction_type,constructiontype62,"{table: :Construction_Type, code: 'constructiontype', label: 'Timber Frame'}"
64,Construction - Steel Frame,ConstructionType,construction_type,constructiontype63,"{table: :Construction_Type, code: 'constructiontype', label: 'Steel Frame'}"
65,Construction - On Permanent Foundation,ConstructionType,construction_type,constructiontype64,"{table: :Construction_Type, code: 'constructiontype', label: 'On Permanent Foundation'}"
66,Construction - Mobile/Manufactured,ConstructionType,construction_type,constructiontype65,"{table: :Construction_Type, code: 'constructiontype', label: 'Mobile/Manufactured'}"
67,Construction - Structured Insulated Panels,ConstructionType,construction_type,constructiontype66,"{table: :Construction_Type, code: 'constructiontype', label: 'Structured Insulated Panels'}"
69,Exterior Siding - Asbestos,ConstructionType,construction_type,constructiontype68,"{table: :Construction_Type, code: 'constructiontype', label: 'Asbestos'}"
70,Exterior Siding - Aluminum,ConstructionType,construction_type,constructiontype69,"{table: :Construction_Type, code: 'constructiontype', label: 'Aluminum'}"
71,Exterior Siding - Block,ConstructionType,construction_type,constructiontype70,"{table: :Construction_Type, code: 'constructiontype', label: 'Block'}"
72,Exterior Siding - Brick,ConstructionType,construction_type,constructiontype71,"{table: :Construction_Type, code: 'constructiontype', label: 'Brick'}"
73,Exterior Siding - Cedar,ConstructionType,construction_type,constructiontype72,"{table: :Construction_Type, code: 'constructiontype', label: 'Cedar'}"
74,Exterior Siding - Cedar Shake,ConstructionType,construction_type,constructiontype73,"{table: :Construction_Type, code: 'constructiontype', label: 'Cedar Shake'}"
75,Exterior Siding - Cement Fiber,ConstructionType,construction_type,constructiontype74,"{table: :Construction_Type, code: 'constructiontype', label: 'Cement Fiber'}"
76,Exterior Siding - Combination,ConstructionType,construction_type,constructiontype75,"{table: :Construction_Type, code: 'constructiontype', label: 'Combination'}"
77,Exterior Siding - Composite Wood,ConstructionType,construction_type,constructiontype76,"{table: :Construction_Type, code: 'constructiontype', label: 'Composite Wood'}"
78,Exterior Siding - Concrete,ConstructionType,construction_type,constructiontype77,"{table: :Construction_Type, code: 'constructiontype', label: 'Concrete'}"
79,Exterior Siding - Hardboard,ConstructionType,construction_type,constructiontype78,"{table: :Construction_Type, code: 'constructiontype', label: 'Hardboard'}"
80,Exterior Siding - Log,ConstructionType,construction_type,constructiontype79,"{table: :Construction_Type, code: 'constructiontype', label: 'Log'}"
81,Exterior Siding - Log Siding,ConstructionType,construction_type,constructiontype80,"{table: :Construction_Type, code: 'constructiontype', label: 'Log Siding'}"
82,Exterior Siding - Shingle,ConstructionType,construction_type,constructiontype81,"{table: :Construction_Type, code: 'constructiontype', label: 'Shingle'}"
83,Exterior Siding - Steel,ConstructionType,construction_type,constructiontype82,"{table: :Construction_Type, code: 'constructiontype', label: 'Steel'}"
84,Exterior Siding - Stone,ConstructionType,construction_type,constructiontype83,"{table: :Construction_Type, code: 'constructiontype', label: 'Stone'}"
85,Exterior Siding - Stucco,ConstructionType,construction_type,constructiontype84,"{table: :Construction_Type, code: 'constructiontype', label: 'Stucco'}"
86,Exterior Siding - Vinyl,ConstructionType,construction_type,constructiontype85,"{table: :Construction_Type, code: 'constructiontype', label: 'Vinyl'}"
87,Exterior Siding - Wood,ConstructionType,construction_type,constructiontype86,"{table: :Construction_Type, code: 'constructiontype', label: 'Wood'}"
88,Exterior Siding - Aluminum Siding,ConstructionType,construction_type,constructiontype87,"{table: :Construction_Type, code: 'constructiontype', label: 'Aluminum Siding'}"
89,Exterior Siding - Shingle Siding,ConstructionType,construction_type,constructiontype88,"{table: :Construction_Type, code: 'constructiontype', label: 'Shingle Siding'}"
90,Exterior Siding - Steel Siding,ConstructionType,construction_type,constructiontype89,"{table: :Construction_Type, code: 'constructiontype', label: 'Steel Siding'}"
91,Exterior Siding - Vinyl Siding,ConstructionType,construction_type,constructiontype90,"{table: :Construction_Type, code: 'constructiontype', label: 'Vinyl Siding'}"
92,Exterior Siding - Wood Siding,ConstructionType,construction_type,constructiontype91,"{table: :Construction_Type, code: 'constructiontype', label: 'Wood Siding'}"
94,Garage/Type Stalls - None,ParkingType,parking_type,parkingtype93,"{table: :Parking_Type, code: 'parkingtype', label: 'None'}"
95,Garage/Type Stalls - Attached-1 Stall,ParkingType,parking_type,parkingtype94,"{table: :Parking_Type, code: 'parkingtype', label: 'Attached-1 Stall'}"
96,Garage/Type Stalls - Attached-2 Stalls,ParkingType,parking_type,parkingtype95,"{table: :Parking_Type, code: 'parkingtype', label: 'Attached-2 Stalls'}"
97,Garage/Type Stalls - Attached-3 Stalls,ParkingType,parking_type,parkingtype96,"{table: :Parking_Type, code: 'parkingtype', label: 'Attached-3 Stalls'}"
98,Garage/Type Stalls - Attached-4 Stalls,ParkingType,parking_type,parkingtype97,"{table: :Parking_Type, code: 'parkingtype', label: 'Attached-4 Stalls'}"
99,Garage/Type Stalls - Carport-1 Stall,ParkingType,parking_type,parkingtype98,"{table: :Parking_Type, code: 'parkingtype', label: 'Carport-1 Stall'}"
100,Garage/Type Stalls - Carport-2 Stalls,ParkingType,parking_type,parkingtype99,"{table: :Parking_Type, code: 'parkingtype', label: 'Carport-2 Stalls'}"
101,Garage/Type Stalls - Detached-1 Stall,ParkingType,parking_type,parkingtype100,"{table: :Parking_Type, code: 'parkingtype', label: 'Detached-1 Stall'}"
102,Garage/Type Stalls - Detached-2 Stalls,ParkingType,parking_type,parkingtype101,"{table: :Parking_Type, code: 'parkingtype', label: 'Detached-2 Stalls'}"
103,Garage/Type Stalls - Detached-3 Stalls,ParkingType,parking_type,parkingtype102,"{table: :Parking_Type, code: 'parkingtype', label: 'Detached-3 Stalls'}"
104,Garage/Type Stalls - Detached-4 Stalls,ParkingType,parking_type,parkingtype103,"{table: :Parking_Type, code: 'parkingtype', label: 'Detached-4 Stalls'}"
106,Fireplace Type - Electric,FireplaceType,fireplace_type,fireplacetype105,"{table: :Fireplace_Type, code: 'fireplacetype', label: 'Electric'}"
107,Fireplace Type - Gas,FireplaceType,fireplace_type,fireplacetype106,"{table: :Fireplace_Type, code: 'fireplacetype', label: 'Gas'}"
108,Fireplace Type - Wood,FireplaceType,fireplace_type,fireplacetype107,"{table: :Fireplace_Type, code: 'fireplacetype', label: 'Wood'}"
109,Fireplace Type - None,FireplaceType,fireplace_type,fireplacetype108,"{table: :Fireplace_Type, code: 'fireplacetype', label: 'None'}"
111,Heating Stove Type - Coal,HeatingType,heating_type,heatingtype110,"{table: :Heating_Type, code: 'heatingtype', label: 'Coal'}"
112,Heating Stove Type - Corn,HeatingType,heating_type,heatingtype111,"{table: :Heating_Type, code: 'heatingtype', label: 'Corn'}"
113,Heating Stove Type - Electric,HeatingType,heating_type,heatingtype112,"{table: :Heating_Type, code: 'heatingtype', label: 'Electric'}"
114,Heating Stove Type - Gas,HeatingType,heating_type,heatingtype113,"{table: :Heating_Type, code: 'heatingtype', label: 'Gas'}"
115,Heating Stove Type - Pellet,HeatingType,heating_type,heatingtype114,"{table: :Heating_Type, code: 'heatingtype', label: 'Pellet'}"
116,Heating Stove Type - Wood,HeatingType,heating_type,heatingtype115,"{table: :Heating_Type, code: 'heatingtype', label: 'Wood'}"
117,Heating Stove Type - None,HeatingType,heating_type,heatingtype116,"{table: :Heating_Type, code: 'heatingtype', label: 'None'}"
119,Exterior Features - Acreage Fenced,ExteriorFeature,exterior_feature,exteriorfeature118,"{table: :Exterior_Feature, code: 'exteriorfeature', label: 'Acreage Fenced'}"
120,Exterior Features - Adj to BLM,ExteriorFeature,exterior_feature,exteriorfeature119,"{table: :Exterior_Feature, code: 'exteriorfeature', label: 'Adj to BLM'}"
121,Exterior Features - Adj to Bureau of Reclamation,ExteriorFeature,exterior_feature,exteriorfeature120,"{table: :Exterior_Feature, code: 'exteriorfeature', label: 'Adj to Bureau of Reclamation'}"
122,Exterior Features - Adj to National Forest,ExteriorFeature,exterior_feature,exteriorfeature121,"{table: :Exterior_Feature, code: 'exteriorfeature', label: 'Adj to National Forest'}"
123,Exterior Features - Adj to State Land,ExteriorFeature,exterior_feature,exteriorfeature122,"{table: :Exterior_Feature, code: 'exteriorfeature', label: 'Adj to State Land'}"
124,Exterior Features - Barn,ExteriorFeature,exterior_feature,exteriorfeature123,"{table: :Exterior_Feature, code: 'exteriorfeature', label: 'Barn'}"
125,Exterior Features - Cable,ExteriorFeature,exterior_feature,exteriorfeature124,"{table: :Exterior_Feature, code: 'exteriorfeature', label: 'Cable'}"
126,Exterior Features - Chain Link Fence,ExteriorFeature,exterior_feature,exteriorfeature125,"{table: :Exterior_Feature, code: 'exteriorfeature', label: 'Chain Link Fence'}"
127,Exterior Features - Concrete Ditches,ExteriorFeature,exterior_feature,exteriorfeature126,"{table: :Exterior_Feature, code: 'exteriorfeature', label: 'Concrete Ditches'}"
128,Exterior Features - Corner Lot,ExteriorFeature,exterior_feature,exteriorfeature127,"{table: :Exterior_Feature, code: 'exteriorfeature', label: 'Corner Lot'}"
129,Exterior Features - Corrals,ExteriorFeature,exterior_feature,exteriorfeature128,"{table: :Exterior_Feature, code: 'exteriorfeature', label: 'Corrals'}"
130,Exterior Features - Covered Deck,ExteriorFeature,exterior_feature,exteriorfeature129,"{table: :Exterior_Feature, code: 'exteriorfeature', label: 'Covered Deck'}"
131,Exterior Features - Covered Patio,ExteriorFeature,exterior_feature,exteriorfeature130,"{table: :Exterior_Feature, code: 'exteriorfeature', label: 'Covered Patio'}"
132,Exterior Features - Creek,ExteriorFeature,exterior_feature,exteriorfeature131,"{table: :Exterior_Feature, code: 'exteriorfeature', label: 'Creek'}"
133,Exterior Features - Cul-de-Sac,ExteriorFeature,exterior_feature,exteriorfeature132,"{table: :Exterior_Feature, code: 'exteriorfeature', label: 'Cul-de-Sac'}"
134,Exterior Features - Deck,ExteriorFeature,exterior_feature,exteriorfeature133,"{table: :Exterior_Feature, code: 'exteriorfeature', label: 'Deck'}"
135,Exterior Features - Dirt Ditches,ExteriorFeature,exterior_feature,exteriorfeature134,"{table: :Exterior_Feature, code: 'exteriorfeature', label: 'Dirt Ditches'}"
136,Exterior Features - Fenced Yard,ExteriorFeature,exterior_feature,exteriorfeature135,"{table: :Exterior_Feature, code: 'exteriorfeature', label: 'Fenced Yard'}"
137,Exterior Features - Fishing,ExteriorFeature,exterior_feature,exteriorfeature136,"{table: :Exterior_Feature, code: 'exteriorfeature', label: 'Fishing'}"
138,Exterior Features - Flat Terrain,ExteriorFeature,exterior_feature,exteriorfeature137,"{table: :Exterior_Feature, code: 'exteriorfeature', label: 'Flat Terrain'}"
139,Exterior Features - Garden,ExteriorFeature,exterior_feature,exteriorfeature138,"{table: :Exterior_Feature, code: 'exteriorfeature', label: 'Garden'}"
140,Exterior Features - Golf Course Lot,ExteriorFeature,exterior_feature,exteriorfeature139,"{table: :Exterior_Feature, code: 'exteriorfeature', label: 'Golf Course Lot'}"
141,Exterior Features - Greenhouse,ExteriorFeature,exterior_feature,exteriorfeature140,"{table: :Exterior_Feature, code: 'exteriorfeature', label: 'Greenhouse'}"
142,Exterior Features - Guest House,ExteriorFeature,exterior_feature,exteriorfeature141,"{table: :Exterior_Feature, code: 'exteriorfeature', label: 'Guest House'}"
143,Exterior Features - Hand Line,ExteriorFeature,exterior_feature,exteriorfeature142,"{table: :Exterior_Feature, code: 'exteriorfeature', label: 'Hand Line'}"
144,Exterior Features - Horse Property,ExteriorFeature,exterior_feature,exteriorfeature143,"{table: :Exterior_Feature, code: 'exteriorfeature', label: 'Horse Property'}"
145,Exterior Features - Hot Tub,ExteriorFeature,exterior_feature,exteriorfeature144,"{table: :Exterior_Feature, code: 'exteriorfeature', label: 'Hot Tub'}"
146,Exterior Features - Hunting,ExteriorFeature,exterior_feature,exteriorfeature145,"{table: :Exterior_Feature, code: 'exteriorfeature', label: 'Hunting'}"
147,Exterior Features - Irrigated,ExteriorFeature,exterior_feature,exteriorfeature146,"{table: :Exterior_Feature, code: 'exteriorfeature', label: 'Irrigated'}"
148,Exterior Features - Kennel (Dog),ExteriorFeature,exterior_feature,exteriorfeature147,"{table: :Exterior_Feature, code: 'exteriorfeature', label: 'Kennel (Dog)'}"
149,Exterior Features - Lake View,ExteriorFeature,exterior_feature,exteriorfeature148,"{table: :Exterior_Feature, code: 'exteriorfeature', label: 'Lake View'}"
150,Exterior Features - Landscaping,ExteriorFeature,exterior_feature,exteriorfeature149,"{table: :Exterior_Feature, code: 'exteriorfeature', label: 'Landscaping'}"
151,Exterior Features - Loafing Shed,ExteriorFeature,exterior_feature,exteriorfeature150,"{table: :Exterior_Feature, code: 'exteriorfeature', label: 'Loafing Shed'}"
152,Exterior Features - Mountain View,ExteriorFeature,exterior_feature,exteriorfeature151,"{table: :Exterior_Feature, code: 'exteriorfeature', label: 'Mountain View'}"
153,Exterior Features - Natural Gas to Property,ExteriorFeature,exterior_feature,exteriorfeature152,"{table: :Exterior_Feature, code: 'exteriorfeature', label: 'Natural Gas to Property'}"
154,Exterior Features - Patio,ExteriorFeature,exterior_feature,exteriorfeature153,"{table: :Exterior_Feature, code: 'exteriorfeature', label: 'Patio'}"
155,Exterior Features - Pivot Irrigated,ExteriorFeature,exterior_feature,exteriorfeature154,"{table: :Exterior_Feature, code: 'exteriorfeature', label: 'Pivot Irrigated'}"
156,Exterior Features - Pond,ExteriorFeature,exterior_feature,exteriorfeature155,"{table: :Exterior_Feature, code: 'exteriorfeature', label: 'Pond'}"
157,Exterior Features - Pool,ExteriorFeature,exterior_feature,exteriorfeature156,"{table: :Exterior_Feature, code: 'exteriorfeature', label: 'Pool'}"
158,Exterior Features - Porch,ExteriorFeature,exterior_feature,exteriorfeature157,"{table: :Exterior_Feature, code: 'exteriorfeature', label: 'Porch'}"
159,Exterior Features - Production Ground,ExteriorFeature,exterior_feature,exteriorfeature158,"{table: :Exterior_Feature, code: 'exteriorfeature', label: 'Production Ground'}"
160,Exterior Features - Recreational,ExteriorFeature,exterior_feature,exteriorfeature159,"{table: :Exterior_Feature, code: 'exteriorfeature', label: 'Recreational'}"
161,Exterior Features - River Frontage,ExteriorFeature,exterior_feature,exteriorfeature160,"{table: :Exterior_Feature, code: 'exteriorfeature', label: 'River Frontage'}"
162,Exterior Features - Rolling Terrain,ExteriorFeature,exterior_feature,exteriorfeature161,"{table: :Exterior_Feature, code: 'exteriorfeature', label: 'Rolling Terrain'}"
163,Exterior Features - RV Parking,ExteriorFeature,exterior_feature,exteriorfeature162,"{table: :Exterior_Feature, code: 'exteriorfeature', label: 'RV Parking'}"
164,Exterior Features - Shop,ExteriorFeature,exterior_feature,exteriorfeature163,"{table: :Exterior_Feature, code: 'exteriorfeature', label: 'Shop'}"
165,Exterior Features - Spring,ExteriorFeature,exterior_feature,exteriorfeature164,"{table: :Exterior_Feature, code: 'exteriorfeature', label: 'Spring'}"
166,"Exterior Features - Sprinklers, Auto",ExteriorFeature,exterior_feature,exteriorfeature165,"{table: :Exterior_Feature, code: 'exteriorfeature', label: 'Sprinklers, Auto'}"
167,"Exterior Features - Sprinklers, Manual",ExteriorFeature,exterior_feature,exteriorfeature166,"{table: :Exterior_Feature, code: 'exteriorfeature', label: 'Sprinklers, Manual'}"
168,Exterior Features - Storage Building,ExteriorFeature,exterior_feature,exteriorfeature167,"{table: :Exterior_Feature, code: 'exteriorfeature', label: 'Storage Building'}"
169,Exterior Features - Wooded Acreage,ExteriorFeature,exterior_feature,exteriorfeature168,"{table: :Exterior_Feature, code: 'exteriorfeature', label: 'Wooded Acreage'}"
170,Exterior Features - None,ExteriorFeature,exterior_feature,exteriorfeature169,"{table: :Exterior_Feature, code: 'exteriorfeature', label: 'None'}"
171,Exterior Features - Deck/Patio,ExteriorFeature,exterior_feature,exteriorfeature170,"{table: :Exterior_Feature, code: 'exteriorfeature', label: 'Deck/Patio'}"
173,Interior Features - Attic Fan,InteriorFeature,interior_feature,interiorfeature172,"{table: :Interior_Feature, code: 'interiorfeature', label: 'Attic Fan'}"
174,Interior Features - Breakfast Bar,InteriorFeature,interior_feature,interiorfeature173,"{table: :Interior_Feature, code: 'interiorfeature', label: 'Breakfast Bar'}"
175,Interior Features - Breakfast Nook,InteriorFeature,interior_feature,interiorfeature174,"{table: :Interior_Feature, code: 'interiorfeature', label: 'Breakfast Nook'}"
176,Interior Features - Ceiling Fan(s),InteriorFeature,interior_feature,interiorfeature175,"{table: :Interior_Feature, code: 'interiorfeature', label: 'Ceiling Fan(s)'}"
177,Interior Features - Central Vacuum System,InteriorFeature,interior_feature,interiorfeature176,"{table: :Interior_Feature, code: 'interiorfeature', label: 'Central Vacuum System'}"
178,Interior Features - Disposal,InteriorFeature,interior_feature,interiorfeature177,"{table: :Interior_Feature, code: 'interiorfeature', label: 'Disposal'}"
179,Interior Features - Garage Door Opener,InteriorFeature,interior_feature,interiorfeature178,"{table: :Interior_Feature, code: 'interiorfeature', label: 'Garage Door Opener'}"
180,Interior Features - Handicap Access,InteriorFeature,interior_feature,interiorfeature179,"{table: :Interior_Feature, code: 'interiorfeature', label: 'Handicap Access'}"
181,Interior Features - Home Theater,InteriorFeature,interior_feature,interiorfeature180,"{table: :Interior_Feature, code: 'interiorfeature', label: 'Home Theater'}"
182,Interior Features - Home Warranty,InteriorFeature,interior_feature,interiorfeature181,"{table: :Interior_Feature, code: 'interiorfeature', label: 'Home Warranty'}"
183,Interior Features - Hot Tub,InteriorFeature,interior_feature,interiorfeature182,"{table: :Interior_Feature, code: 'interiorfeature', label: 'Hot Tub'}"
184,Interior Features - Jetted Tub,InteriorFeature,interior_feature,interiorfeature183,"{table: :Interior_Feature, code: 'interiorfeature', label: 'Jetted Tub'}"
185,Interior Features - Loft,InteriorFeature,interior_feature,interiorfeature184,"{table: :Interior_Feature, code: 'interiorfeature', label: 'Loft'}"
186,Interior Features - Mud Room,InteriorFeature,interior_feature,interiorfeature185,"{table: :Interior_Feature, code: 'interiorfeature', label: 'Mud Room'}"
187,Interior Features - Pantry,InteriorFeature,interior_feature,interiorfeature186,"{table: :Interior_Feature, code: 'interiorfeature', label: 'Pantry'}"
188,Interior Features - Porch,InteriorFeature,interior_feature,interiorfeature187,"{table: :Interior_Feature, code: 'interiorfeature', label: 'Porch'}"
189,Interior Features - RO System,InteriorFeature,interior_feature,interiorfeature188,"{table: :Interior_Feature, code: 'interiorfeature', label: 'RO System'}"
190,Interior Features - Satellite Dish,InteriorFeature,interior_feature,interiorfeature189,"{table: :Interior_Feature, code: 'interiorfeature', label: 'Satellite Dish'}"
191,Interior Features - Sauna,InteriorFeature,interior_feature,interiorfeature190,"{table: :Interior_Feature, code: 'interiorfeature', label: 'Sauna'}"
192,Interior Features - Security System,InteriorFeature,interior_feature,interiorfeature191,"{table: :Interior_Feature, code: 'interiorfeature', label: 'Security System'}"
193,Interior Features - Skylights,InteriorFeature,interior_feature,interiorfeature192,"{table: :Interior_Feature, code: 'interiorfeature', label: 'Skylights'}"
194,Interior Features - Sump Pump,InteriorFeature,interior_feature,interiorfeature193,"{table: :Interior_Feature, code: 'interiorfeature', label: 'Sump Pump'}"
195,Interior Features - Tile Floor,InteriorFeature,interior_feature,interiorfeature194,"{table: :Interior_Feature, code: 'interiorfeature', label: 'Tile Floor'}"
196,Interior Features - Trash Compactor,InteriorFeature,interior_feature,interiorfeature195,"{table: :Interior_Feature, code: 'interiorfeature', label: 'Trash Compactor'}"
197,Interior Features - Vaulted Ceiling(s),InteriorFeature,interior_feature,interiorfeature196,"{table: :Interior_Feature, code: 'interiorfeature', label: 'Vaulted Ceiling(s)'}"
198,Interior Features - Walk-in Closet(s),InteriorFeature,interior_feature,interiorfeature197,"{table: :Interior_Feature, code: 'interiorfeature', label: 'Walk-in Closet(s)'}"
199,Interior Features - Water Softener (owned),InteriorFeature,interior_feature,interiorfeature198,"{table: :Interior_Feature, code: 'interiorfeature', label: 'Water Softener (owned)'}"
200,Interior Features - Water Softener (leased),InteriorFeature,interior_feature,interiorfeature199,"{table: :Interior_Feature, code: 'interiorfeature', label: 'Water Softener (leased)'}"
201,Interior Features - Wet Bar,InteriorFeature,interior_feature,interiorfeature200,"{table: :Interior_Feature, code: 'interiorfeature', label: 'Wet Bar'}"
202,Interior Features - Wood Floor,InteriorFeature,interior_feature,interiorfeature201,"{table: :Interior_Feature, code: 'interiorfeature', label: 'Wood Floor'}"
204,Roof - Built-Up,RoofType,roof_type,rooftype203,"{table: :Roof_Type, code: 'rooftype', label: 'Built-Up'}"
205,Roof - Composition,RoofType,roof_type,rooftype204,"{table: :Roof_Type, code: 'rooftype', label: 'Composition'}"
206,Roof - Foam,RoofType,roof_type,rooftype205,"{table: :Roof_Type, code: 'rooftype', label: 'Foam'}"
207,Roof - Masonite,RoofType,roof_type,rooftype206,"{table: :Roof_Type, code: 'rooftype', label: 'Masonite'}"
208,Roof - Membrane,RoofType,roof_type,rooftype207,"{table: :Roof_Type, code: 'rooftype', label: 'Membrane'}"
209,Roof - Metal,RoofType,roof_type,rooftype208,"{table: :Roof_Type, code: 'rooftype', label: 'Metal'}"
210,Roof - Roll Roofing,RoofType,roof_type,rooftype209,"{table: :Roof_Type, code: 'rooftype', label: 'Roll Roofing'}"
211,Roof - Shake,RoofType,roof_type,rooftype210,"{table: :Roof_Type, code: 'rooftype', label: 'Shake'}"
212,Roof - Shingle,RoofType,roof_type,rooftype211,"{table: :Roof_Type, code: 'rooftype', label: 'Shingle'}"
213,Roof - Single-Ply Roof,RoofType,roof_type,rooftype212,"{table: :Roof_Type, code: 'rooftype', label: 'Single-Ply Roof'}"
214,Roof - Tar/Gravel,RoofType,roof_type,rooftype213,"{table: :Roof_Type, code: 'rooftype', label: 'Tar/Gravel'}"
215,Roof - Tile,RoofType,roof_type,rooftype214,"{table: :Roof_Type, code: 'rooftype', label: 'Tile'}"
216,Roof - Wood,RoofType,roof_type,rooftype215,"{table: :Roof_Type, code: 'rooftype', label: 'Wood'}"
218,Cooling Type - Attic Fan,CoolingType,cooling_type,coolingtype217,"{table: :Cooling_Type, code: 'coolingtype', label: 'Attic Fan'}"
219,Cooling Type - Central Air,CoolingType,cooling_type,coolingtype218,"{table: :Cooling_Type, code: 'coolingtype', label: 'Central Air'}"
220,Cooling Type - None,CoolingType,cooling_type,coolingtype219,"{table: :Cooling_Type, code: 'coolingtype', label: 'None'}"
221,Cooling Type - Other,CoolingType,cooling_type,coolingtype220,"{table: :Cooling_Type, code: 'coolingtype', label: 'Other'}"
222,Cooling Type - Swamp Cooler,CoolingType,cooling_type,coolingtype221,"{table: :Cooling_Type, code: 'coolingtype', label: 'Swamp Cooler'}"
223,Cooling Type - Window Unit(s),CoolingType,cooling_type,coolingtype222,"{table: :Cooling_Type, code: 'coolingtype', label: 'Window Unit(s)'}"
225,Disclosures - Yes,ExteriorType,exterior_type,exteriortype224,"{table: :Exterior_Type, code: 'exteriortype', label: 'Yes'}"
227,Financing - Cash,FinancialTerm,financial_term,financialterm226,"{table: :Financial_Term, code: 'financialterm', label: 'Cash'}"
228,Financing - VA,FinancialTerm,financial_term,financialterm227,"{table: :Financial_Term, code: 'financialterm', label: 'VA'}"
229,Financing - FHA,FinancialTerm,financial_term,financialterm228,"{table: :Financial_Term, code: 'financialterm', label: 'FHA'}"
230,Financing - Owner,FinancialTerm,financial_term,financialterm229,"{table: :Financial_Term, code: 'financialterm', label: 'Owner'}"
231,Financing - USDA,FinancialTerm,financial_term,financialterm230,"{table: :Financial_Term, code: 'financialterm', label: 'USDA'}"
232,Financing - Assumable,FinancialTerm,financial_term,financialterm231,"{table: :Financial_Term, code: 'financialterm', label: 'Assumable'}"
233,Financing - Conventional,FinancialTerm,financial_term,financialterm232,"{table: :Financial_Term, code: 'financialterm', label: 'Conventional'}"
234,Financing - WCDA,FinancialTerm,financial_term,financialterm233,"{table: :Financial_Term, code: 'financialterm', label: 'WCDA'}"
235,Financing - 1031.0,FinancialTerm,financial_term,financialterm234,"{table: :Financial_Term, code: 'financialterm', label: '1031.0'}"
236,Financing - Other,FinancialTerm,financial_term,financialterm235,"{table: :Financial_Term, code: 'financialterm', label: 'Other'}"
238,Road Maintenance - Private,ExteriorFeature,exterior_feature,exteriorfeature237,"{table: :Exterior_Feature, code: 'exteriorfeature', label: 'Private'}"
239,Road Maintenance - Public,ExteriorFeature,exterior_feature,exteriorfeature238,"{table: :Exterior_Feature, code: 'exteriorfeature', label: 'Public'}"
241,Road Surface - Paved (Asphalt/Concrete),ExteriorFeature,exterior_feature,exteriorfeature240,"{table: :Exterior_Feature, code: 'exteriorfeature', label: 'Paved (Asphalt/Concrete)'}"
242,Road Surface - Unpaved (Dirt/Gravel),ExteriorFeature,exterior_feature,exteriorfeature241,"{table: :Exterior_Feature, code: 'exteriorfeature', label: 'Unpaved (Dirt/Gravel)'}"
244,Sewer - Aerobic Septic,SewerType,sewer_type,sewertype243,"{table: :Sewer_Type, code: 'sewertype', label: 'Aerobic Septic'}"
245,Sewer - Central,SewerType,sewer_type,sewertype244,"{table: :Sewer_Type, code: 'sewertype', label: 'Central'}"
246,Sewer - City,SewerType,sewer_type,sewertype245,"{table: :Sewer_Type, code: 'sewertype', label: 'City'}"
247,Sewer - City Sewer Connection Available,SewerType,sewer_type,sewertype246,"{table: :Sewer_Type, code: 'sewertype', label: 'City Sewer Connection Available'}"
248,Sewer - Connected to City Sewer,SewerType,sewer_type,sewertype247,"{table: :Sewer_Type, code: 'sewertype', label: 'Connected to City Sewer'}"
249,Sewer - Engineered Septic,SewerType,sewer_type,sewertype248,"{table: :Sewer_Type, code: 'sewertype', label: 'Engineered Septic'}"
250,Sewer - Mound Septic,SewerType,sewer_type,sewertype249,"{table: :Sewer_Type, code: 'sewertype', label: 'Mound Septic'}"
251,Sewer - None,SewerType,sewer_type,sewertype250,"{table: :Sewer_Type, code: 'sewertype', label: 'None'}"
252,Sewer - Red Lodge,SewerType,sewer_type,sewertype251,"{table: :Sewer_Type, code: 'sewertype', label: 'Red Lodge'}"
253,Sewer - Septic Needed,SewerType,sewer_type,sewertype252,"{table: :Sewer_Type, code: 'sewertype', label: 'Septic Needed'}"
254,Sewer - Septic Tank,SewerType,sewer_type,sewertype253,"{table: :Sewer_Type, code: 'sewertype', label: 'Septic Tank'}"
255,Sewer - Shared Septic,SewerType,sewer_type,sewertype254,"{table: :Sewer_Type, code: 'sewertype', label: 'Shared Septic'}"
257,Type of Leased Land - BLM,LandType,land_type,landtype256,"{table: :Land_Type, code: 'landtype', label: 'BLM'}"
258,Type of Leased Land - Bureau of Reclamation,LandType,land_type,landtype257,"{table: :Land_Type, code: 'landtype', label: 'Bureau of Reclamation'}"
259,Type of Leased Land - Forest Services,LandType,land_type,landtype258,"{table: :Land_Type, code: 'landtype', label: 'Forest Services'}"
260,Type of Leased Land - Private,LandType,land_type,landtype259,"{table: :Land_Type, code: 'landtype', label: 'Private'}"
261,Type of Leased Land - State,LandType,land_type,landtype260,"{table: :Land_Type, code: 'landtype', label: 'State'}"
262,Type of Leased Land - None,LandType,land_type,landtype261,"{table: :Land_Type, code: 'landtype', label: 'None'}"
264,Topography - Flat,LandType,land_type,landtype263,"{table: :Land_Type, code: 'landtype', label: 'Flat'}"
265,Topography - Mountainous,LandType,land_type,landtype264,"{table: :Land_Type, code: 'landtype', label: 'Mountainous'}"
266,Topography - Rolling,LandType,land_type,landtype265,"{table: :Land_Type, code: 'landtype', label: 'Rolling'}"
267,Topography - Steep,LandType,land_type,landtype266,"{table: :Land_Type, code: 'landtype', label: 'Steep'}"
269,Leases and Permits - BLM,ExteriorFeature,exterior_feature,exteriorfeature268,"{table: :Exterior_Feature, code: 'exteriorfeature', label: 'BLM'}"
270,Leases and Permits - State,ExteriorFeature,exterior_feature,exteriorfeature269,"{table: :Exterior_Feature, code: 'exteriorfeature', label: 'State'}"
271,Leases and Permits - Forest Service,ExteriorFeature,exterior_feature,exteriorfeature270,"{table: :Exterior_Feature, code: 'exteriorfeature', label: 'Forest Service'}"
272,Leases and Permits - Private,ExteriorFeature,exterior_feature,exteriorfeature271,"{table: :Exterior_Feature, code: 'exteriorfeature', label: 'Private'}"
273,Leases and Permits - None,ExteriorFeature,exterior_feature,exteriorfeature272,"{table: :Exterior_Feature, code: 'exteriorfeature', label: 'None'}"
274,Leases and Permits - Other-See Remarks,ExteriorFeature,exterior_feature,exteriorfeature273,"{table: :Exterior_Feature, code: 'exteriorfeature', label: 'Other-See Remarks'}"
276,Water Rights - Well,WaterSource,water_source,watersource275,"{table: :Water_Source, code: 'watersource', label: 'Well'}"
277,Water Rights - Surface,WaterSource,water_source,watersource276,"{table: :Water_Source, code: 'watersource', label: 'Surface'}"
278,Water Rights - Territorial,WaterSource,water_source,watersource277,"{table: :Water_Source, code: 'watersource', label: 'Territorial'}"
279,Water Rights - Reservoir,WaterSource,water_source,watersource278,"{table: :Water_Source, code: 'watersource', label: 'Reservoir'}"
280,Water Rights - Water District,WaterSource,water_source,watersource279,"{table: :Water_Source, code: 'watersource', label: 'Water District'}"
281,Water Rights - None,WaterSource,water_source,watersource280,"{table: :Water_Source, code: 'watersource', label: 'None'}"
282,Water Rights - Other-See Remarks,WaterSource,water_source,watersource281,"{table: :Water_Source, code: 'watersource', label: 'Other-See Remarks'}"
284,Business Type - Accounting,Style,style,style283,"{table: :Style, code: 'style', label: 'Accounting'}"
285,Business Type - Agriculture,Style,style,style284,"{table: :Style, code: 'style', label: 'Agriculture'}"
286,Business Type - Appliances,Style,style,style285,"{table: :Style, code: 'style', label: 'Appliances'}"
287,Business Type - Appraisal,Style,style,style286,"{table: :Style, code: 'style', label: 'Appraisal'}"
288,Business Type - Auto Repair-Speclty,Style,style,style287,"{table: :Style, code: 'style', label: 'Auto Repair-Speclty'}"
289,Business Type - Auto Sales,Style,style,style288,"{table: :Style, code: 'style', label: 'Auto Sales'}"
290,Business Type - Liquor Store,Style,style,style289,"{table: :Style, code: 'style', label: 'Liquor Store'}"
291,Business Type - Bed & Breakfast,Style,style,style290,"{table: :Style, code: 'style', label: 'Bed & Breakfast'}"
292,Business Type - Campground,Style,style,style291,"{table: :Style, code: 'style', label: 'Campground'}"
293,Business Type - Car Wash,Style,style,style292,"{table: :Style, code: 'style', label: 'Car Wash'}"
294,Business Type - Construction/Contractor,Style,style,style293,"{table: :Style, code: 'style', label: 'Construction/Contractor'}"
295,Business Type - Convenience Store,Style,style,style294,"{table: :Style, code: 'style', label: 'Convenience Store'}"
296,Business Type - Electrical,Style,style,style295,"{table: :Style, code: 'style', label: 'Electrical'}"
297,Business Type - Furniture,Style,style,style296,"{table: :Style, code: 'style', label: 'Furniture'}"
298,Business Type - Gas Station,Style,style,style297,"{table: :Style, code: 'style', label: 'Gas Station'}"
299,Business Type - Hair Salon,Style,style,style298,"{table: :Style, code: 'style', label: 'Hair Salon'}"
300,Business Type - Heat/Air Conditioning,Style,style,style299,"{table: :Style, code: 'style', label: 'Heat/Air Conditioning'}"
301,Business Type - Hotel/Motel,Style,style,style300,"{table: :Style, code: 'style', label: 'Hotel/Motel'}"
302,Business Type - Industrial,Style,style,style301,"{table: :Style, code: 'style', label: 'Industrial'}"
303,Business Type - Laundromat,Style,style,style302,"{table: :Style, code: 'style', label: 'Laundromat'}"
304,Business Type - Lumber,Style,style,style303,"{table: :Style, code: 'style', label: 'Lumber'}"
305,Business Type - Manufacturing,Style,style,style304,"{table: :Style, code: 'style', label: 'Manufacturing'}"
306,Business Type - Medical,Style,style,style305,"{table: :Style, code: 'style', label: 'Medical'}"
307,Business Type - Mobile Home Park,Style,style,style306,"{table: :Style, code: 'style', label: 'Mobile Home Park'}"
308,Business Type - Outfitting,Style,style,style307,"{table: :Style, code: 'style', label: 'Outfitting'}"
309,Business Type - Photography,Style,style,style308,"{table: :Style, code: 'style', label: 'Photography'}"
310,Business Type - Plumbing,Style,style,style309,"{table: :Style, code: 'style', label: 'Plumbing'}"
311,Business Type - Professional/Office,Style,style,style310,"{table: :Style, code: 'style', label: 'Professional/Office'}"
312,Business Type - Real Estate,Style,style,style311,"{table: :Style, code: 'style', label: 'Real Estate'}"
313,Business Type - Restaurant,Style,style,style312,"{table: :Style, code: 'style', label: 'Restaurant'}"
314,Business Type - Retail,Style,style,style313,"{table: :Style, code: 'style', label: 'Retail'}"
315,Business Type - Storage,Style,style,style314,"{table: :Style, code: 'style', label: 'Storage'}"
316,Business Type - Veterinary,Style,style,style315,"{table: :Style, code: 'style', label: 'Veterinary'}"
317,Business Type - Video,Style,style,style316,"{table: :Style, code: 'style', label: 'Video'}"
318,Business Type - Bar/Tavern/Lounge,Style,style,style317,"{table: :Style, code: 'style', label: 'Bar/Tavern/Lounge'}"
319,Business Type - Other,Style,style,style318,"{table: :Style, code: 'style', label: 'Other'}"
321,Commercial Features - 220 Volt,InteriorFeature,interior_feature,interiorfeature320,"{table: :Interior_Feature, code: 'interiorfeature', label: '220 Volt'}"
322,Commercial Features - 3-Phase Electric,InteriorFeature,interior_feature,interiorfeature321,"{table: :Interior_Feature, code: 'interiorfeature', label: '3-Phase Electric'}"
323,Commercial Features - DSL/Cable,InteriorFeature,interior_feature,interiorfeature322,"{table: :Interior_Feature, code: 'interiorfeature', label: 'DSL/Cable'}"
324,Commercial Features - Elevator,InteriorFeature,interior_feature,interiorfeature323,"{table: :Interior_Feature, code: 'interiorfeature', label: 'Elevator'}"
325,Commercial Features - Fiber Optic,InteriorFeature,interior_feature,interiorfeature324,"{table: :Interior_Feature, code: 'interiorfeature', label: 'Fiber Optic'}"
326,Commercial Features - Handicapped Access,InteriorFeature,interior_feature,interiorfeature325,"{table: :Interior_Feature, code: 'interiorfeature', label: 'Handicapped Access'}"
327,Commercial Features - Security System,InteriorFeature,interior_feature,interiorfeature326,"{table: :Interior_Feature, code: 'interiorfeature', label: 'Security System'}"
328,Commercial Features - Specialty Equipment,InteriorFeature,interior_feature,interiorfeature327,"{table: :Interior_Feature, code: 'interiorfeature', label: 'Specialty Equipment'}"
329,Commercial Features - None,InteriorFeature,interior_feature,interiorfeature328,"{table: :Interior_Feature, code: 'interiorfeature', label: 'None'}"
330,Commercial Features - Dock,ExteriorFeature,exterior_feature,exteriorfeature329,"{table: :Exterior_Feature, code: 'exteriorfeature', label: 'Dock'}"
331,Commercial Features - Rail Spur,ExteriorFeature,exterior_feature,exteriorfeature330,"{table: :Exterior_Feature, code: 'exteriorfeature', label: 'Rail Spur'}"
333,Parking Availability - Alley,ParkingType,parking_type,parkingtype332,"{table: :Parking_Type, code: 'parkingtype', label: 'Alley'}"
334,Parking Availability - Private Lot,ParkingType,parking_type,parkingtype333,"{table: :Parking_Type, code: 'parkingtype', label: 'Private Lot'}"
335,Parking Availability - Public Lot,ParkingType,parking_type,parkingtype334,"{table: :Parking_Type, code: 'parkingtype', label: 'Public Lot'}"
336,Parking Availability - Street,ParkingType,parking_type,parkingtype335,"{table: :Parking_Type, code: 'parkingtype', label: 'Street'}"
338,Miscellaneous - P & L/Cash Flow Available,ExteriorFeature,exterior_feature,exteriorfeature337,"{table: :Exterior_Feature, code: 'exteriorfeature', label: 'P & L/Cash Flow Available'}"
339,Miscellaneous - Licenses/Permits Required,ExteriorFeature,exterior_feature,exteriorfeature338,"{table: :Exterior_Feature, code: 'exteriorfeature', label: 'Licenses/Permits Required'}"
340,Miscellaneous - Seller Will Train,ExteriorFeature,exterior_feature,exteriorfeature339,"{table: :Exterior_Feature, code: 'exteriorfeature', label: 'Seller Will Train'}"
341,Miscellaneous - Franchise,ExteriorFeature,exterior_feature,exteriorfeature340,"{table: :Exterior_Feature, code: 'exteriorfeature', label: 'Franchise'}"
342,Miscellaneous - Building Currently Leased,ExteriorFeature,exterior_feature,exteriorfeature341,"{table: :Exterior_Feature, code: 'exteriorfeature', label: 'Building Currently Leased'}"
343,Miscellaneous - Environmental Study,ExteriorFeature,exterior_feature,exteriorfeature342,"{table: :Exterior_Feature, code: 'exteriorfeature', label: 'Environmental Study'}"
344,Miscellaneous - Highway Frontage,ExteriorFeature,exterior_feature,exteriorfeature343,"{table: :Exterior_Feature, code: 'exteriorfeature', label: 'Highway Frontage'}"
345,Miscellaneous - Main Street Frontage,ExteriorFeature,exterior_feature,exteriorfeature344,"{table: :Exterior_Feature, code: 'exteriorfeature', label: 'Main Street Frontage'}"
346,Miscellaneous - Soil Test,ExteriorFeature,exterior_feature,exteriorfeature345,"{table: :Exterior_Feature, code: 'exteriorfeature', label: 'Soil Test'}"
347,Miscellaneous - Seller to Sign Non-Compete,ExteriorFeature,exterior_feature,exteriorfeature346,"{table: :Exterior_Feature, code: 'exteriorfeature', label: 'Seller to Sign Non-Compete'}"
348,Miscellaneous - Other Structures,ExteriorFeature,exterior_feature,exteriorfeature347,"{table: :Exterior_Feature, code: 'exteriorfeature', label: 'Other Structures'}"
349,Miscellaneous - Special Assessments,ExteriorFeature,exterior_feature,exteriorfeature348,"{table: :Exterior_Feature, code: 'exteriorfeature', label: 'Special Assessments'}"
350,Miscellaneous - None,ExteriorFeature,exterior_feature,exteriorfeature349,"{table: :Exterior_Feature, code: 'exteriorfeature', label: 'None'}"
351,Miscellaneous - Leased Equipment,InteriorFeature,interior_feature,interiorfeature350,"{table: :Interior_Feature, code: 'interiorfeature', label: 'Leased Equipment'}"
352,Miscellaneous - Fire Sprinkler System,InteriorFeature,interior_feature,interiorfeature351,"{table: :Interior_Feature, code: 'interiorfeature', label: 'Fire Sprinkler System'}"
353,Miscellaneous - Inventory Included,InteriorFeature,interior_feature,interiorfeature352,"{table: :Interior_Feature, code: 'interiorfeature', label: 'Inventory Included'}"
354,Miscellaneous - Irrigation,IrrigationType,irrigation_type,irrigationtype353,"{table: :Irrigation_Type, code: 'irrigationtype', label: 'Irrigation'}"
356,Type Leased Land - BLM,LandType,land_type,landtype355,"{table: :Land_Type, code: 'landtype', label: 'BLM'}"
357,Type Leased Land - Bureau of Reclamation,LandType,land_type,landtype356,"{table: :Land_Type, code: 'landtype', label: 'Bureau of Reclamation'}"
358,Type Leased Land - Forest Service,LandType,land_type,landtype357,"{table: :Land_Type, code: 'landtype', label: 'Forest Service'}"
359,Type Leased Land - Private,LandType,land_type,landtype358,"{table: :Land_Type, code: 'landtype', label: 'Private'}"
360,Type Leased Land - State,LandType,land_type,landtype359,"{table: :Land_Type, code: 'landtype', label: 'State'}"
361,Type Leased Land - None,LandType,land_type,landtype360,"{table: :Land_Type, code: 'landtype', label: 'None'}"
363,Potential Uses - Residential,Style,style,style362,"{table: :Style, code: 'style', label: 'Residential'}"
364,Potential Uses - Multi-Family,Style,style,style363,"{table: :Style, code: 'style', label: 'Multi-Family'}"
365,Potential Uses - Commercial,Style,style,style364,"{table: :Style, code: 'style', label: 'Commercial'}"
366,Potential Uses - Industrial,Style,style,style365,"{table: :Style, code: 'style', label: 'Industrial'}"
367,Potential Uses - Agricultural,Style,style,style366,"{table: :Style, code: 'style', label: 'Agricultural'}"
368,Potential Uses - Recreational,Style,style,style367,"{table: :Style, code: 'style', label: 'Recreational'}"
369,Potential Uses - Other,Style,style,style368,"{table: :Style, code: 'style', label: 'Other'}"
